{
  "success": true,
  "prospects": [],
  "error": null,
  "processing_time": 0.6920361518859863,
  "cached_at": 1756561538.6904619
}