{
  "success": true,
  "prospects": [],
  "error": null,
  "processing_time": 0.6822009086608887,
  "cached_at": 1756561538.690562
}