{
  "success": true,
  "prospects": [],
  "error": null,
  "processing_time": 0.8619270324707031,
  "cached_at": 1756563241.86292
}