{
  "success": true,
  "prospects": [],
  "error": null,
  "processing_time": 0.8401939868927002,
  "cached_at": 1756562503.152863
}