{
  "success": true,
  "prospects": [],
  "error": null,
  "processing_time": 0.735198974609375,
  "cached_at": 1756561538.6901171
}