{
  "success": true,
  "prospects": [],
  "error": null,
  "processing_time": 0.6886708736419678,
  "cached_at": 1756561538.6895108
}