{
  "success": true,
  "prospects": [],
  "error": null,
  "processing_time": 0.841566801071167,
  "cached_at": 1756561538.690347
}