{
  "success": true,
  "prospects": [],
  "error": null,
  "processing_time": 0.9868123531341553,
  "cached_at": 1756562503.152261
}